app_name,avg_rating,review_counts,higher_price,play_store_price,app_store_price,purchase_price,longevity_in_years,gross_profit,net_profit,android_genre,apple_genre
PewDiePie's Tuber Simulator,4.9,1590317,$0.00 ,$0.00 ,$0.00 ,"$10,000.00 ",10,"$100,000.00 ","$90,000.00 ",Casual,Games
Domino's Pizza USA,4.9,1291559,$0.00 ,$0.00 ,$0.00 ,"$10,000.00 ",10,"$100,000.00 ","$90,000.00 ",Food & Drink,Food & Drink
"Egg, Inc.",4.9,659234,$0.00 ,$0.00 ,$0.00 ,"$10,000.00 ",10,"$100,000.00 ","$90,000.00 ",Simulation,Games
The Guardian,4.9,256168,$0.00 ,$0.00 ,$0.00 ,"$10,000.00 ",10,"$100,000.00 ","$90,000.00 ",News & Magazines,News
ASOS,4.9,191536,$0.00 ,$0.00 ,$0.00 ,"$10,000.00 ",10,"$100,000.00 ","$90,000.00 ",Shopping,Shopping
Geometry Dash Lite,4.8,6552010,$0.00 ,$0.00 ,$0.00 ,"$10,000.00 ",10,"$100,000.00 ","$90,000.00 ",Arcade,Games
Fernanfloo,4.7,529481,$0.00 ,$0.00 ,$0.00 ,"$10,000.00 ",10,"$100,000.00 ","$90,000.00 ",Arcade,Games
Clash of Clans,4.6,47020500,$0.00 ,$0.00 ,$0.00 ,"$10,000.00 ",10,"$100,000.00 ","$90,000.00 ",Strategy,Games
Clash Royale,4.6,23399496,$0.00 ,$0.00 ,$0.00 ,"$10,000.00 ",10,"$100,000.00 ","$90,000.00 ",Strategy,Games
Shadow Fight 2,4.6,11079662,$0.00 ,$0.00 ,$0.00 ,"$10,000.00 ",10,"$100,000.00 ","$90,000.00 ",Action,Games
Score! Hero,4.6,5504737,$0.00 ,$0.00 ,$0.00 ,"$10,000.00 ",10,"$100,000.00 ","$90,000.00 ",Sports,Games
Pinterest,4.6,5365563,$0.00 ,$0.00 ,$0.00 ,"$10,000.00 ",10,"$100,000.00 ","$90,000.00 ",Social,Social Networking
Township,4.6,4532118,$0.00 ,$0.00 ,$0.00 ,"$10,000.00 ",10,"$100,000.00 ","$90,000.00 ",Casual,Games
Bible,4.6,3426615,$0.00 ,$0.00 ,$0.00 ,"$10,000.00 ",10,"$100,000.00 ","$90,000.00 ",Books & Reference,Reference
War Robots,4.6,3170373,$0.00 ,$0.00 ,$0.00 ,"$10,000.00 ",10,"$100,000.00 ","$90,000.00 ",Action,Games
Fallout Shelter,4.6,2919929,$0.00 ,$0.00 ,$0.00 ,"$10,000.00 ",10,"$100,000.00 ","$90,000.00 ",Simulation,Games
Hill Climb Racing 2,4.6,2784382,$0.00 ,$0.00 ,$0.00 ,"$10,000.00 ",10,"$100,000.00 ","$90,000.00 ",Racing,Games
MARVEL Future Fight,4.6,2374948,$0.00 ,$0.00 ,$0.00 ,"$10,000.00 ",10,"$100,000.00 ","$90,000.00 ",Role Playing,Games
Fishdom,4.6,2197364,$0.00 ,$0.00 ,$0.00 ,"$10,000.00 ",10,"$100,000.00 ","$90,000.00 ",Puzzle,Games
Toy Blast,4.6,1965238,$0.00 ,$0.00 ,$0.00 ,"$10,000.00 ",10,"$100,000.00 ","$90,000.00 ",Puzzle,Games
Geometry Dash Meltdown,4.6,1708599,$0.00 ,$0.00 ,$0.00 ,"$10,000.00 ",10,"$100,000.00 ","$90,000.00 ",Arcade,Games
Chase Mobile,4.6,1408871,$0.00 ,$0.00 ,$0.00 ,"$10,000.00 ",10,"$100,000.00 ","$90,000.00 ",Finance,Finance
Zombie Catchers,4.6,1007208,$0.00 ,$0.00 ,$0.00 ,"$10,000.00 ",10,"$100,000.00 ","$90,000.00 ",Action,Games
Solitaire,4.6,883316,$0.00 ,$0.00 ,$0.00 ,"$10,000.00 ",10,"$100,000.00 ","$90,000.00 ",Card,Games
Choices: Stories You Play,4.6,840945,$0.00 ,$0.00 ,$0.00 ,"$10,000.00 ",10,"$100,000.00 ","$90,000.00 ",Simulation,Games
FINAL FANTASY BRAVE EXVIUS,4.6,773871,$0.00 ,$0.00 ,$0.00 ,"$10,000.00 ",10,"$100,000.00 ","$90,000.00 ",Role Playing,Games
Geometry Dash World,4.6,765347,$0.00 ,$0.00 ,$0.00 ,"$10,000.00 ",10,"$100,000.00 ","$90,000.00 ",Arcade,Games
Hitman Sniper,4.6,416744,$0.99 ,$0.99 ,$0.99 ,"$10,000.00 ",10,"$100,000.00 ","$90,000.00 ",Action,Games
Animal Jam - Play Wild!,4.6,388842,$0.00 ,$0.00 ,$0.00 ,"$10,000.00 ",10,"$100,000.00 ","$90,000.00 ",Casual;Pretend Play,Games
Angry Birds Blast,4.6,277993,$0.00 ,$0.00 ,$0.00 ,"$10,000.00 ",10,"$100,000.00 ","$90,000.00 ",Puzzle,Games
Narcos: Cartel Wars,4.6,249287,$0.00 ,$0.00 ,$0.00 ,"$10,000.00 ",10,"$100,000.00 ","$90,000.00 ",Strategy,Games
Fuel Rewards® program,4.6,34682,$0.00 ,$0.00 ,$0.00 ,"$10,000.00 ",10,"$100,000.00 ","$90,000.00 ",Lifestyle,Shopping
WhatsApp Messenger,4.5,69403690,$0.00 ,$0.00 ,$0.00 ,"$10,000.00 ",10,"$100,000.00 ","$90,000.00 ",Communication,Social Networking
Instagram,4.5,68722055,$0.00 ,$0.00 ,$0.00 ,"$10,000.00 ",10,"$100,000.00 ","$90,000.00 ",Social,Photo & Video
Subway Surfers,4.5,28428103,$0.00 ,$0.00 ,$0.00 ,"$10,000.00 ",10,"$100,000.00 ","$90,000.00 ",Arcade,Games
Candy Crush Saga,4.5,23389385,$0.00 ,$0.00 ,$0.00 ,"$10,000.00 ",10,"$100,000.00 ","$90,000.00 ",Casual,Games
My Talking Tom,4.5,15013502,$0.00 ,$0.00 ,$0.00 ,"$10,000.00 ",10,"$100,000.00 ","$90,000.00 ",Casual,Games
Hay Day,4.5,10620530,$0.00 ,$0.00 ,$0.00 ,"$10,000.00 ",10,"$100,000.00 ","$90,000.00 ",Casual,Games
My Talking Angela,4.5,9935417,$0.00 ,$0.00 ,$0.00 ,"$10,000.00 ",10,"$100,000.00 ","$90,000.00 ",Casual,Games
Hill Climb Racing,4.5,9031359,$0.00 ,$0.00 ,$0.00 ,"$10,000.00 ",10,"$100,000.00 ","$90,000.00 ",Racing,Games
Asphalt 8: Airborne,4.5,8578282,$0.00 ,$0.00 ,$0.00 ,"$10,000.00 ",10,"$100,000.00 ","$90,000.00 ",Racing,Games
Farm Heroes Saga,4.5,7802153,$0.00 ,$0.00 ,$0.00 ,"$10,000.00 ",10,"$100,000.00 ","$90,000.00 ",Casual,Games
PicsArt Photo Studio: Collage Maker & Pic Editor,4.5,7621407,$0.00 ,$0.00 ,$0.00 ,"$10,000.00 ",10,"$100,000.00 ","$90,000.00 ",Photography,Photo & Video
Trivia Crack,4.5,6821242,$0.00 ,$0.00 ,$0.00 ,"$10,000.00 ",10,"$100,000.00 ","$90,000.00 ",Trivia,Games
Wish - Shopping Made Fun,4.5,6351139,$0.00 ,$0.00 ,$0.00 ,"$10,000.00 ",10,"$100,000.00 ","$90,000.00 ",Shopping,Shopping
Candy Crush Soda Saga,4.5,6332240,$0.00 ,$0.00 ,$0.00 ,"$10,000.00 ",10,"$100,000.00 ","$90,000.00 ",Casual,Games
Hungry Shark Evolution,4.5,6157285,$0.00 ,$0.00 ,$0.00 ,"$10,000.00 ",10,"$100,000.00 ","$90,000.00 ",Arcade,Games
Boom Beach,4.5,5833582,$0.00 ,$0.00 ,$0.00 ,"$10,000.00 ",10,"$100,000.00 ","$90,000.00 ",Strategy,Games
Traffic Racer,4.5,5410168,$0.00 ,$0.00 ,$0.00 ,"$10,000.00 ",10,"$100,000.00 ","$90,000.00 ",Racing,Games
Jetpack Joyride,4.5,5043448,$0.00 ,$0.00 ,$0.00 ,"$10,000.00 ",10,"$100,000.00 ","$90,000.00 ",Arcade,Games
Zombie Tsunami,4.5,4952026,$0.00 ,$0.00 ,$0.00 ,"$10,000.00 ",10,"$100,000.00 ","$90,000.00 ",Arcade,Games
ROBLOX,4.5,4632330,$0.00 ,$0.00 ,$0.00 ,"$10,000.00 ",10,"$100,000.00 ","$90,000.00 ",Adventure;Action & Adventure,Games
SimCity BuildIt,4.5,4416925,$0.00 ,$0.00 ,$0.00 ,"$10,000.00 ",10,"$100,000.00 ","$90,000.00 ",Simulation,Games
Smash Hit,4.5,4273951,$0.00 ,$0.00 ,$0.00 ,"$10,000.00 ",10,"$100,000.00 ","$90,000.00 ",Arcade,Games
Sonic Dash,4.5,4196405,$0.00 ,$0.00 ,$0.00 ,"$10,000.00 ",10,"$100,000.00 ","$90,000.00 ",Arcade,Games
Need for Speed™ No Limits,4.5,3379298,$0.00 ,$0.00 ,$0.00 ,"$10,000.00 ",10,"$100,000.00 ","$90,000.00 ",Racing,Games
Cooking Fever,4.5,3305818,$0.00 ,$0.00 ,$0.00 ,"$10,000.00 ",10,"$100,000.00 ","$90,000.00 ",Arcade,Games
MORTAL KOMBAT X,4.5,3154364,$0.00 ,$0.00 ,$0.00 ,"$10,000.00 ",10,"$100,000.00 ","$90,000.00 ",Action,Games
Injustice: Gods Among Us,4.5,3053409,$0.00 ,$0.00 ,$0.00 ,"$10,000.00 ",10,"$100,000.00 ","$90,000.00 ",Action,Games
Angry Birds Rio,4.5,2781382,$0.00 ,$0.00 ,$0.00 ,"$10,000.00 ",10,"$100,000.00 ","$90,000.00 ",Arcade,Games
Angry Birds Epic RPG,4.5,2719285,$0.00 ,$0.00 ,$0.00 ,"$10,000.00 ",10,"$100,000.00 ","$90,000.00 ",Role Playing,Games
Swamp Attack,4.5,2136195,$0.00 ,$0.00 ,$0.00 ,"$10,000.00 ",10,"$100,000.00 ","$90,000.00 ",Action,Games
Microsoft Word,4.5,2130331,$0.00 ,$0.00 ,$0.00 ,"$10,000.00 ",10,"$100,000.00 ","$90,000.00 ",Productivity,Productivity
Real Basketball,4.5,1803317,$0.00 ,$0.00 ,$0.00 ,"$10,000.00 ",10,"$100,000.00 ","$90,000.00 ",Sports,Games
Call of Duty®: Heroes,4.5,1783562,$0.00 ,$0.00 ,$0.00 ,"$10,000.00 ",10,"$100,000.00 ","$90,000.00 ",Action,Games
My Horse,4.5,1627195,$0.00 ,$0.00 ,$0.00 ,"$10,000.00 ",10,"$100,000.00 ","$90,000.00 ",Casual,Games
Star Wars™: Galaxy of Heroes,4.5,1583958,$0.00 ,$0.00 ,$0.00 ,"$10,000.00 ",10,"$100,000.00 ","$90,000.00 ",Role Playing,Games
Photo Editor by Aviary,4.5,1530228,$0.00 ,$0.00 ,$0.00 ,"$10,000.00 ",10,"$100,000.00 ","$90,000.00 ",Photography,Photo & Video
Red Ball 4,4.5,1442265,$0.99 ,$0.00 ,$0.99 ,"$10,000.00 ",10,"$100,000.00 ","$90,000.00 ",Arcade,Games
Yahoo Weather,4.5,1424640,$0.00 ,$0.00 ,$0.00 ,"$10,000.00 ",10,"$100,000.00 ","$90,000.00 ",Weather,Weather
Hungry Shark World,4.5,1266993,$0.00 ,$0.00 ,$0.00 ,"$10,000.00 ",10,"$100,000.00 ","$90,000.00 ",Action,Games
Rolling Sky,4.5,1147882,$0.00 ,$0.00 ,$0.00 ,"$10,000.00 ",10,"$100,000.00 ","$90,000.00 ",Board,Games
Microsoft Excel,4.5,1103984,$0.00 ,$0.00 ,$0.00 ,"$10,000.00 ",10,"$100,000.00 ","$90,000.00 ",Productivity,Productivity
Plants vs. Zombies™ 2,4.5,835026,$0.00 ,$0.00 ,$0.00 ,"$10,000.00 ",10,"$100,000.00 ","$90,000.00 ",Casual,Games
PES CLUB MANAGER,4.5,786241,$0.00 ,$0.00 ,$0.00 ,"$10,000.00 ",10,"$100,000.00 ","$90,000.00 ",Sports,Games
Bad Piggies HD,4.5,783985,$0.00 ,$0.00 ,$0.00 ,"$10,000.00 ",10,"$100,000.00 ","$90,000.00 ",Puzzle,Games
Starbucks,4.5,759293,$0.00 ,$0.00 ,$0.00 ,"$10,000.00 ",10,"$100,000.00 ","$90,000.00 ",Food & Drink,Food & Drink
Talking Tom Bubble Shooter,4.5,689795,$0.00 ,$0.00 ,$0.00 ,"$10,000.00 ",10,"$100,000.00 ","$90,000.00 ",Casual,Games
Solitaire,4.5,679740,$0.00 ,$0.00 ,$0.00 ,"$10,000.00 ",10,"$100,000.00 ","$90,000.00 ",Card;Brain Games,Games
Inside Out Thought Bubbles,4.5,645279,$0.00 ,$0.00 ,$0.00 ,"$10,000.00 ",10,"$100,000.00 ","$90,000.00 ",Puzzle;Brain Games,Games
Bullet Force,4.5,643448,$0.00 ,$0.00 ,$0.00 ,"$10,000.00 ",10,"$100,000.00 ","$90,000.00 ",Action,Games
Design Home,4.5,563229,$0.00 ,$0.00 ,$0.00 ,"$10,000.00 ",10,"$100,000.00 ","$90,000.00 ",Simulation,Games
Disney Crossy Road,4.5,552659,$0.00 ,$0.00 ,$0.00 ,"$10,000.00 ",10,"$100,000.00 ","$90,000.00 ",Arcade;Action & Adventure,Games
Hot Wheels: Race Off,4.5,523773,$0.00 ,$0.00 ,$0.00 ,"$10,000.00 ",10,"$100,000.00 ","$90,000.00 ",Racing;Action & Adventure,Games
Microsoft OneNote,4.5,520278,$0.00 ,$0.00 ,$0.00 ,"$10,000.00 ",10,"$100,000.00 ","$90,000.00 ",Productivity,Productivity
Real Racing 3,4.5,518902,$0.00 ,$0.00 ,$0.00 ,"$10,000.00 ",10,"$100,000.00 ","$90,000.00 ",Racing;Action & Adventure,Games
YouTube Kids,4.5,498897,$0.00 ,$0.00 ,$0.00 ,"$10,000.00 ",10,"$100,000.00 ","$90,000.00 ",Entertainment;Music & Video,Entertainment
Nyan Cat: Lost In Space,4.5,447710,$0.00 ,$0.00 ,$0.00 ,"$10,000.00 ",10,"$100,000.00 ","$90,000.00 ",Arcade,Games
Dude Perfect 2,4.5,429898,$0.00 ,$0.00 ,$0.00 ,"$10,000.00 ",10,"$100,000.00 ","$90,000.00 ",Action,Games
Plants vs. Zombies™ Heroes,4.5,395635,$0.00 ,$0.00 ,$0.00 ,"$10,000.00 ",10,"$100,000.00 ","$90,000.00 ",Casual;Action & Adventure,Games
Bejeweled Classic,4.5,386360,$0.00 ,$0.00 ,$0.00 ,"$10,000.00 ",10,"$100,000.00 ","$90,000.00 ",Casual,Games
The CW,4.5,385533,$0.00 ,$0.00 ,$0.00 ,"$10,000.00 ",10,"$100,000.00 ","$90,000.00 ",Entertainment,Entertainment
GroupMe,4.5,359021,$0.00 ,$0.00 ,$0.00 ,"$10,000.00 ",10,"$100,000.00 ","$90,000.00 ",Communication,Social Networking
Discord - Chat for Gamers,4.5,314499,$0.00 ,$0.00 ,$0.00 ,"$10,000.00 ",10,"$100,000.00 ","$90,000.00 ",Communication,Social Networking
ClassDojo,4.5,183985,$0.00 ,$0.00 ,$0.00 ,"$10,000.00 ",10,"$100,000.00 ","$90,000.00 ",Education;Education,Education
Gear.Club - True Racing,4.5,143451,$0.00 ,$0.00 ,$0.00 ,"$10,000.00 ",10,"$100,000.00 ","$90,000.00 ",Racing,Games
DoorDash - Food Delivery,4.5,130451,$0.00 ,$0.00 ,$0.00 ,"$10,000.00 ",10,"$100,000.00 ","$90,000.00 ",Food & Drink,Food & Drink
Army of Heroes,4.5,86250,$0.00 ,$0.00 ,$0.00 ,"$10,000.00 ",10,"$100,000.00 ","$90,000.00 ",Strategy,Games
Seven - 7 Minute Workout Training Challenge,4.5,82379,$0.00 ,$0.00 ,$0.00 ,"$10,000.00 ",10,"$100,000.00 ","$90,000.00 ",Health & Fitness,Health & Fitness
OK K.O.! Lakewood Plaza Turbo,4.5,77038,$0.00 ,$0.00 ,$0.00 ,"$10,000.00 ",10,"$100,000.00 ","$90,000.00 ",Action;Action & Adventure,Games
Trello,4.5,75306,$0.00 ,$0.00 ,$0.00 ,"$10,000.00 ",10,"$100,000.00 ","$90,000.00 ",Productivity,Productivity
Adobe Illustrator Draw,4.5,68981,$0.00 ,$0.00 ,$0.00 ,"$10,000.00 ",10,"$100,000.00 ","$90,000.00 ",Photography,Productivity
The Washington Post Classic,4.5,41730,$0.00 ,$0.00 ,$0.00 ,"$10,000.00 ",10,"$100,000.00 ","$90,000.00 ",News & Magazines,News
Dude Perfect,4.5,9860,$0.99 ,$0.00 ,$0.99 ,"$10,000.00 ",10,"$100,000.00 ","$90,000.00 ",Sports,Games
Cytus,4.9,549657,$1.99 ,$0.00 ,$1.99 ,"$19,900.00 ",10,"$100,000.00 ","$80,100.00 ",Music,Games
H*nest Meditation,4.7,200,$1.99 ,$1.99 ,$1.99 ,"$19,900.00 ",10,"$100,000.00 ","$80,100.00 ",Lifestyle,Entertainment
Earn to Die 2,4.6,1330339,$1.99 ,$0.00 ,$1.99 ,"$19,900.00 ",10,"$100,000.00 ","$80,100.00 ",Racing,Games
Where's My Water?,4.6,320396,$1.99 ,$1.99 ,$1.99 ,"$19,900.00 ",10,"$100,000.00 ","$80,100.00 ",Puzzle;Brain Games,Games
Dragon Hills,4.5,359881,$1.99 ,$0.00 ,$1.99 ,"$19,900.00 ",10,"$100,000.00 ","$80,100.00 ",Action,Games
AJ Jump: Animal Jam Kangaroos!,4.5,3809,$1.99 ,$1.99 ,$1.99 ,"$19,900.00 ",10,"$100,000.00 ","$80,100.00 ",Arcade,Games
Pou,4.4,10488733,$0.00 ,$0.00 ,$0.00 ,"$10,000.00 ",9,"$90,000.00 ","$80,000.00 ",Casual,Games
Temple Run 2,4.4,8413699,$0.00 ,$0.00 ,$0.00 ,"$10,000.00 ",9,"$90,000.00 ","$80,000.00 ",Action,Games
Temple Run,4.4,5724979,$0.00 ,$0.00 ,$0.00 ,"$10,000.00 ",9,"$90,000.00 ","$80,000.00 ",Arcade,Games
WeChat,4.4,5422048,$0.00 ,$0.00 ,$0.00 ,"$10,000.00 ",9,"$90,000.00 ","$80,000.00 ",Communication,Social Networking
Fruit Ninja®,4.4,5418473,$0.00 ,$0.00 ,$0.00 ,"$10,000.00 ",9,"$90,000.00 ","$80,000.00 ",Arcade,Games
Agar.io,4.4,3992721,$0.00 ,$0.00 ,$0.00 ,"$10,000.00 ",9,"$90,000.00 ","$80,000.00 ",Action,Games
MARVEL Contest of Champions,4.4,2702088,$0.00 ,$0.00 ,$0.00 ,"$10,000.00 ",9,"$90,000.00 ","$80,000.00 ",Action,Games
Summoners War,4.4,2182676,$0.00 ,$0.00 ,$0.00 ,"$10,000.00 ",9,"$90,000.00 ","$80,000.00 ",Role Playing,Games
Episode - Choose Your Story,4.4,1997624,$0.00 ,$0.00 ,$0.00 ,"$10,000.00 ",9,"$90,000.00 ","$80,000.00 ",Simulation,Games
Dubsmash,4.4,1992020,$0.00 ,$0.00 ,$0.00 ,"$10,000.00 ",9,"$90,000.00 ","$80,000.00 ",Video Players & Editors,Entertainment
Flow Free,4.4,1669398,$0.00 ,$0.00 ,$0.00 ,"$10,000.00 ",9,"$90,000.00 ","$80,000.00 ",Puzzle,Games
Frozen Free Fall,4.4,1624909,$0.00 ,$0.00 ,$0.00 ,"$10,000.00 ",9,"$90,000.00 ","$80,000.00 ",Puzzle;Action & Adventure,Games
Doodle Jump,4.4,1478832,$0.99 ,$0.00 ,$0.99 ,"$10,000.00 ",9,"$90,000.00 ","$80,000.00 ",Arcade,Games
The Sims™ FreePlay,4.4,1378429,$0.00 ,$0.00 ,$0.00 ,"$10,000.00 ",9,"$90,000.00 ","$80,000.00 ",Simulation,Games
Angry Birds Star Wars,4.4,1252193,$0.00 ,$0.00 ,$0.00 ,"$10,000.00 ",9,"$90,000.00 ","$80,000.00 ",Arcade,Games
Bad Piggies,4.4,1195218,$0.00 ,$0.00 ,$0.00 ,"$10,000.00 ",9,"$90,000.00 ","$80,000.00 ",Puzzle,Games
aa,4.4,1045263,$0.00 ,$0.00 ,$0.00 ,"$10,000.00 ",9,"$90,000.00 ","$80,000.00 ",Strategy,Games
Google Docs,4.4,880235,$0.00 ,$0.00 ,$0.00 ,"$10,000.00 ",9,"$90,000.00 ","$80,000.00 ",Productivity,Productivity
Talking Ginger 2,4.4,711286,$0.00 ,$0.00 ,$0.00 ,"$10,000.00 ",9,"$90,000.00 ","$80,000.00 ",Entertainment,Entertainment
Xbox,4.4,628846,$0.00 ,$0.00 ,$0.00 ,"$10,000.00 ",9,"$90,000.00 ","$80,000.00 ",Entertainment,Entertainment
Google Sheets,4.4,521000,$0.00 ,$0.00 ,$0.00 ,"$10,000.00 ",9,"$90,000.00 ","$80,000.00 ",Productivity,Productivity
Deck Heroes: Legacy,4.4,466989,$0.00 ,$0.00 ,$0.00 ,"$10,000.00 ",9,"$90,000.00 ","$80,000.00 ",Card,Games
GMX Mail,4.4,258658,$0.00 ,$0.00 ,$0.00 ,"$10,000.00 ",9,"$90,000.00 ","$80,000.00 ",Communication,Productivity
WGT Golf Game by Topgolf,4.4,201368,$0.00 ,$0.00 ,$0.00 ,"$10,000.00 ",9,"$90,000.00 ","$80,000.00 ",Sports,Games
Verizon Cloud,4.4,192114,$0.00 ,$0.00 ,$0.00 ,"$10,000.00 ",9,"$90,000.00 ","$80,000.00 ",Productivity,Productivity
Pineapple Pen,4.4,163694,$0.00 ,$0.00 ,$0.00 ,"$10,000.00 ",9,"$90,000.00 ","$80,000.00 ",Arcade,Games
Star Chart,4.4,142290,$0.00 ,$0.00 ,$0.00 ,"$10,000.00 ",9,"$90,000.00 ","$80,000.00 ",Education;Education,Education
Super Jabber Jump,4.4,86494,$0.00 ,$0.00 ,$0.00 ,"$10,000.00 ",9,"$90,000.00 ","$80,000.00 ",Arcade,Games
Photo Editor-,4.4,77166,$0.00 ,$0.00 ,$0.00 ,"$10,000.00 ",9,"$90,000.00 ","$80,000.00 ",Photography,Photo & Video
Wishbone - Compare Anything,4.4,72218,$0.00 ,$0.00 ,$0.00 ,"$10,000.00 ",9,"$90,000.00 ","$80,000.00 ",Social,Social Networking
Afterlight,4.4,64950,$0.99 ,$0.00 ,$0.99 ,"$10,000.00 ",9,"$90,000.00 ","$80,000.00 ",Photography,Photo & Video
Smashy Road: Arena,4.4,48765,$0.00 ,$0.00 ,$0.00 ,"$10,000.00 ",9,"$90,000.00 ","$80,000.00 ",Action,Games
Regal Cinemas,4.4,45989,$0.00 ,$0.00 ,$0.00 ,"$10,000.00 ",9,"$90,000.00 ","$80,000.00 ",Entertainment,Entertainment
PAC-MAN Pop,4.4,25877,$0.00 ,$0.00 ,$0.00 ,"$10,000.00 ",9,"$90,000.00 ","$80,000.00 ",Puzzle;Action & Adventure,Games
Angry Birds 2,4.3,3991775,$0.00 ,$0.00 ,$0.00 ,"$10,000.00 ",9,"$90,000.00 ","$80,000.00 ",Casual,Games
Snapseed,4.3,831792,$0.00 ,$0.00 ,$0.00 ,"$10,000.00 ",9,"$90,000.00 ","$80,000.00 ",Photography,Photo & Video
WWE,4.3,744397,$0.00 ,$0.00 ,$0.00 ,"$10,000.00 ",9,"$90,000.00 ","$80,000.00 ",Entertainment,Entertainment
Microsoft PowerPoint,4.3,629736,$0.00 ,$0.00 ,$0.00 ,"$10,000.00 ",9,"$90,000.00 ","$80,000.00 ",Productivity,Productivity
Fandango Movies - Times + Tickets,4.3,535534,$0.00 ,$0.00 ,$0.00 ,"$10,000.00 ",9,"$90,000.00 ","$80,000.00 ",Entertainment,Entertainment
Farming Simulator 14,4.3,534494,$0.00 ,$0.00 ,$0.00 ,"$10,000.00 ",9,"$90,000.00 ","$80,000.00 ",Simulation;Action & Adventure,Games
My Emma :),4.3,254251,$0.00 ,$0.00 ,$0.00 ,"$10,000.00 ",9,"$90,000.00 ","$80,000.00 ",Casual,Games
USAA Mobile,4.3,120943,$0.00 ,$0.00 ,$0.00 ,"$10,000.00 ",9,"$90,000.00 ","$80,000.00 ",Finance,Finance
Angry Birds Space HD,4.3,83147,$0.00 ,$0.00 ,$0.00 ,"$10,000.00 ",9,"$90,000.00 ","$80,000.00 ",Arcade,Games
Tiny Archers,4.3,81246,$0.00 ,$0.00 ,$0.00 ,"$10,000.00 ",9,"$90,000.00 ","$80,000.00 ",Action,Games
Tomb of the Mask,4.3,63434,$0.00 ,$0.00 ,$0.00 ,"$10,000.00 ",9,"$90,000.00 ","$80,000.00 ",Action,Games
Mad Skills Motocross,4.3,41863,$0.99 ,$0.00 ,$0.99 ,"$10,000.00 ",9,"$90,000.00 ","$80,000.00 ",Racing,Games
Endless Ducker,4.3,8832,$0.00 ,$0.00 ,$0.00 ,"$10,000.00 ",9,"$90,000.00 ","$80,000.00 ",Arcade,Games
Tumblr,4.2,3289139,$0.00 ,$0.00 ,$0.00 ,"$10,000.00 ",9,"$90,000.00 ","$80,000.00 ",Social,Social Networking
Kik,4.2,2712101,$0.00 ,$0.00 ,$0.00 ,"$10,000.00 ",9,"$90,000.00 ","$80,000.00 ",Communication,Social Networking
NBA LIVE Mobile Basketball,4.2,1731421,$0.00 ,$0.00 ,$0.00 ,"$10,000.00 ",9,"$90,000.00 ","$80,000.00 ",Sports,Games
Candy Crush Jelly Saga,4.2,1332950,$0.00 ,$0.00 ,$0.00 ,"$10,000.00 ",9,"$90,000.00 ","$80,000.00 ",Puzzle,Games
The Simpsons™: Tapped Out,4.2,911496,$0.00 ,$0.00 ,$0.00 ,"$10,000.00 ",9,"$90,000.00 ","$80,000.00 ",Casual,Games
Indeed Job Search,4.2,713411,$0.00 ,$0.00 ,$0.00 ,"$10,000.00 ",9,"$90,000.00 ","$80,000.00 ",Business,Business
Puffin Web Browser,4.2,553157,$0.00 ,$0.00 ,$0.00 ,"$10,000.00 ",9,"$90,000.00 ","$80,000.00 ",Communication,Utilities
T-Mobile,4.2,502607,$0.00 ,$0.00 ,$0.00 ,"$10,000.00 ",9,"$90,000.00 ","$80,000.00 ",Tools,Productivity
Airbnb,4.2,381784,$0.00 ,$0.00 ,$0.00 ,"$10,000.00 ",9,"$90,000.00 ","$80,000.00 ",Travel & Local,Travel
Best Buy,4.2,266540,$0.00 ,$0.00 ,$0.00 ,"$10,000.00 ",9,"$90,000.00 ","$80,000.00 ",Shopping,Shopping
WEB.DE Mail,4.2,226709,$0.00 ,$0.00 ,$0.00 ,"$10,000.00 ",9,"$90,000.00 ","$80,000.00 ",Communication,Productivity
Shopkins World!,4.2,172656,$0.00 ,$0.00 ,$0.00 ,"$10,000.00 ",9,"$90,000.00 ","$80,000.00 ",Arcade;Action & Adventure,Games
ADP Mobile Solutions,4.2,93509,$0.00 ,$0.00 ,$0.00 ,"$10,000.00 ",9,"$90,000.00 ","$80,000.00 ",Business,Business
Bike Unchained,4.2,84174,$0.00 ,$0.00 ,$0.00 ,"$10,000.00 ",9,"$90,000.00 ","$80,000.00 ",Sports,Games
Crazy Freekick,4.2,47916,$0.00 ,$0.00 ,$0.00 ,"$10,000.00 ",9,"$90,000.00 ","$80,000.00 ",Sports,Games
Firefox Focus: The privacy browser,4.2,37395,$0.00 ,$0.00 ,$0.00 ,"$10,000.00 ",9,"$90,000.00 ","$80,000.00 ",Communication,Utilities
Amex Mobile,4.2,36150,$0.00 ,$0.00 ,$0.00 ,"$10,000.00 ",9,"$90,000.00 ","$80,000.00 ",Finance,Finance
SONIC Drive-In,4.2,20989,$0.00 ,$0.00 ,$0.00 ,"$10,000.00 ",9,"$90,000.00 ","$80,000.00 ",Food & Drink,Food & Drink
Angry Birds Go!,4.1,3922171,$0.00 ,$0.00 ,$0.00 ,"$10,000.00 ",9,"$90,000.00 ","$80,000.00 ",Racing,Games
Google Street View,4.1,2131148,$0.00 ,$0.00 ,$0.00 ,"$10,000.00 ",9,"$90,000.00 ","$80,000.00 ",Travel & Local,Travel
UNO ™ & Friends,4.1,1797468,$0.00 ,$0.00 ,$0.00 ,"$10,000.00 ",9,"$90,000.00 ","$80,000.00 ",Card,Games
Dumb Ways to Die 2: The Games,4.1,1682953,$0.00 ,$0.00 ,$0.00 ,"$10,000.00 ",9,"$90,000.00 ","$80,000.00 ",Casual,Games
Tom Loves Angela,4.1,1113066,$0.99 ,$0.00 ,$0.99 ,"$10,000.00 ",9,"$90,000.00 ","$80,000.00 ",Entertainment,Entertainment
Angry Birds Friends,4.1,853408,$0.00 ,$0.00 ,$0.00 ,"$10,000.00 ",9,"$90,000.00 ","$80,000.00 ",Arcade,Games
Tom's Love Letters,4.1,733516,$0.00 ,$0.00 ,$0.00 ,"$10,000.00 ",9,"$90,000.00 ","$80,000.00 ",Entertainment,Entertainment
LEGO® Juniors Create & Cruise,4.1,678798,$0.00 ,$0.00 ,$0.00 ,"$10,000.00 ",9,"$90,000.00 ","$80,000.00 ",Educational;Action & Adventure,Games
DRAGON BALL Z DOKKAN BATTLE,4.1,655476,$0.00 ,$0.00 ,$0.00 ,"$10,000.00 ",9,"$90,000.00 ","$80,000.00 ",Action,Games
Amazon Prime Video,4.1,455350,$0.00 ,$0.00 ,$0.00 ,"$10,000.00 ",9,"$90,000.00 ","$80,000.00 ",Entertainment,Entertainment
WatchESPN,4.1,448544,$0.00 ,$0.00 ,$0.00 ,"$10,000.00 ",9,"$90,000.00 ","$80,000.00 ",Sports,Sports
Bejeweled Blitz,4.1,443666,$0.00 ,$0.00 ,$0.00 ,"$10,000.00 ",9,"$90,000.00 ","$80,000.00 ",Puzzle,Games
diep.io,4.1,357280,$0.00 ,$0.00 ,$0.00 ,"$10,000.00 ",9,"$90,000.00 ","$80,000.00 ",Action,Games
MARVEL Avengers Academy,4.1,321482,$0.00 ,$0.00 ,$0.00 ,"$10,000.00 ",9,"$90,000.00 ","$80,000.00 ",Adventure,Games
King of Avalon: Dragon Warfare,4.1,309978,$0.00 ,$0.00 ,$0.00 ,"$10,000.00 ",9,"$90,000.00 ","$80,000.00 ",Strategy,Games
Google Slides,4.1,254487,$0.00 ,$0.00 ,$0.00 ,"$10,000.00 ",9,"$90,000.00 ","$80,000.00 ",Productivity,Productivity
TED,4.1,187692,$0.00 ,$0.00 ,$0.00 ,"$10,000.00 ",9,"$90,000.00 ","$80,000.00 ",Education,Education
Peggle Blast,4.1,177779,$0.00 ,$0.00 ,$0.00 ,"$10,000.00 ",9,"$90,000.00 ","$80,000.00 ",Card,Games
My Little Pony: Harmony Quest,4.1,150615,$0.00 ,$0.00 ,$0.00 ,"$10,000.00 ",9,"$90,000.00 ","$80,000.00 ",Casual;Action & Adventure,Entertainment
Cartoon Wars 3,4.1,138653,$0.00 ,$0.00 ,$0.00 ,"$10,000.00 ",9,"$90,000.00 ","$80,000.00 ",Role Playing,Games
NASCAR MOBILE,4.1,97285,$0.00 ,$0.00 ,$0.00 ,"$10,000.00 ",9,"$90,000.00 ","$80,000.00 ",Sports,Sports
Google Classroom,4.1,75438,$0.00 ,$0.00 ,$0.00 ,"$10,000.00 ",9,"$90,000.00 ","$80,000.00 ",Education,Education
Driving Zone,4.1,52089,$0.00 ,$0.00 ,$0.00 ,"$10,000.00 ",9,"$90,000.00 ","$80,000.00 ",Racing,Games
Infinite Painter,4.1,36880,$0.00 ,$0.00 ,$0.00 ,"$10,000.00 ",9,"$90,000.00 ","$80,000.00 ",Art & Design,Productivity
Ao Oni2,4.1,21230,$0.00 ,$0.00 ,$0.00 ,"$10,000.00 ",9,"$90,000.00 ","$80,000.00 ",Adventure,Games
Get 'Em,4.1,7944,$0.99 ,$0.00 ,$0.99 ,"$10,000.00 ",9,"$90,000.00 ","$80,000.00 ",Action,Games
Google Translate,4,5770175,$0.00 ,$0.00 ,$0.00 ,"$10,000.00 ",9,"$90,000.00 ","$80,000.00 ",Tools,Reference
Netflix,4,5764788,$0.00 ,$0.00 ,$0.00 ,"$10,000.00 ",9,"$90,000.00 ","$80,000.00 ",Entertainment,Entertainment
slither.io,4,5342140,$0.00 ,$0.00 ,$0.00 ,"$10,000.00 ",9,"$90,000.00 ","$80,000.00 ",Action,Games
Hangouts,4,3455819,$0.00 ,$0.00 ,$0.00 ,"$10,000.00 ",9,"$90,000.00 ","$80,000.00 ",Communication,Social Networking
Dropbox,4,1910732,$0.00 ,$0.00 ,$0.00 ,"$10,000.00 ",9,"$90,000.00 ","$80,000.00 ",Productivity,Productivity
Speedtest by Ookla,4,1093810,$0.00 ,$0.00 ,$0.00 ,"$10,000.00 ",9,"$90,000.00 ","$80,000.00 ",Tools,Utilities
Boomerang from Instagram,4,931093,$0.00 ,$0.00 ,$0.00 ,"$10,000.00 ",9,"$90,000.00 ","$80,000.00 ",Photography,Photo & Video
VSCO,4,764289,$0.00 ,$0.00 ,$0.00 ,"$10,000.00 ",9,"$90,000.00 ","$80,000.00 ",Photography,Photo & Video
iFunny :),4,602101,$0.00 ,$0.00 ,$0.00 ,"$10,000.00 ",9,"$90,000.00 ","$80,000.00 ",Entertainment,Entertainment
Fitbit,4,447913,$0.00 ,$0.00 ,$0.00 ,"$10,000.00 ",9,"$90,000.00 ","$80,000.00 ",Health & Fitness,Health & Fitness
Allrecipes Dinner Spinner,4,171230,$0.00 ,$0.00 ,$0.00 ,"$10,000.00 ",9,"$90,000.00 ","$80,000.00 ",Food & Drink,Food & Drink
Does not Commute,4,159753,$0.00 ,$0.00 ,$0.00 ,"$10,000.00 ",9,"$90,000.00 ","$80,000.00 ",Racing,Games
NBA,4,152000,$0.00 ,$0.00 ,$0.00 ,"$10,000.00 ",9,"$90,000.00 ","$80,000.00 ",Sports,Sports
RISK: Global Domination,4,73776,$0.00 ,$0.00 ,$0.00 ,"$10,000.00 ",9,"$90,000.00 ","$80,000.00 ",Board;Action & Adventure,Games
"sugar, sugar",4.4,1544,$1.20 ,$1.20 ,$0.99 ,"$12,000.00 ",9,"$90,000.00 ","$78,000.00 ",Puzzle,Games
Bloons TD 5,4.6,232164,$2.99 ,$2.99 ,$2.99 ,"$29,900.00 ",10,"$100,000.00 ","$70,100.00 ",Strategy,Games
Five Nights at Freddy's,4.6,128193,$2.99 ,$2.99 ,$2.99 ,"$29,900.00 ",10,"$100,000.00 ","$70,100.00 ",Action,Games
Five Nights at Freddy's 2,4.6,92026,$2.99 ,$2.99 ,$2.99 ,"$29,900.00 ",10,"$100,000.00 ","$70,100.00 ",Strategy,Games
Five Nights at Freddy's 3,4.6,37732,$2.99 ,$2.99 ,$2.99 ,"$29,900.00 ",10,"$100,000.00 ","$70,100.00 ",Action,Games
Riptide GP: Renegade,4.6,4740,$2.99 ,$2.99 ,$2.99 ,"$29,900.00 ",10,"$100,000.00 ","$70,100.00 ",Racing,Games
Tsuro - The Game of the Path,4.6,2734,$2.99 ,$2.99 ,$2.99 ,"$29,900.00 ",10,"$100,000.00 ","$70,100.00 ",Board;Brain Games,Games
Toca Kitchen 2,4.5,1016236,$2.99 ,$0.00 ,$2.99 ,"$29,900.00 ",10,"$100,000.00 ","$70,100.00 ",Educational;Pretend Play,Education
Threema,4.5,51306,$2.99 ,$2.99 ,$2.99 ,"$29,900.00 ",10,"$100,000.00 ","$70,100.00 ",Communication,Social Networking
The Game of Life,4.5,20935,$2.99 ,$2.99 ,$2.99 ,"$29,900.00 ",10,"$100,000.00 ","$70,100.00 ",Board,Games
Vikings: an Archer's Journey,4.5,10350,$2.99 ,$0.00 ,$2.99 ,"$29,900.00 ",10,"$100,000.00 ","$70,100.00 ",Action,Games
Pocket Yoga,4.5,6582,$2.99 ,$2.99 ,$2.99 ,"$29,900.00 ",10,"$100,000.00 ","$70,100.00 ",Health & Fitness,Health & Fitness
"Alizay, pirate girl",4.5,211,$2.99 ,$2.99 ,$2.99 ,"$29,900.00 ",10,"$100,000.00 ","$70,100.00 ",Casual;Action & Adventure,Book
Fruit Ninja Classic,4.4,783984,$1.99 ,$0.99 ,$1.99 ,"$19,900.00 ",9,"$90,000.00 ","$70,100.00 ",Arcade,Games
Can Knockdown 3,4.3,350638,$1.99 ,$0.00 ,$1.99 ,"$19,900.00 ",9,"$90,000.00 ","$70,100.00 ",Arcade,Games
True Skate,4.2,140474,$1.99 ,$1.99 ,$1.99 ,"$19,900.00 ",9,"$90,000.00 ","$70,100.00 ",Sports,Games
Twitter,3.9,12018317,$0.00 ,$0.00 ,$0.00 ,"$10,000.00 ",8,"$80,000.00 ","$70,000.00 ",News & Magazines,News
Google Earth,3.9,2785062,$0.00 ,$0.00 ,$0.00 ,"$10,000.00 ",8,"$80,000.00 ","$70,000.00 ",Travel & Local,Travel
LinkedIn,3.9,1297209,$0.00 ,$0.00 ,$0.00 ,"$10,000.00 ",8,"$80,000.00 ","$70,000.00 ",Social,Social Networking
Just Dance Now,3.9,796593,$0.00 ,$0.00 ,$0.00 ,"$10,000.00 ",8,"$80,000.00 ","$70,000.00 ",Music,Games
Ingress,3.9,394064,$0.00 ,$0.00 ,$0.00 ,"$10,000.00 ",8,"$80,000.00 ","$70,000.00 ",Adventure,Games
Nick,3.9,136528,$0.00 ,$0.00 ,$0.00 ,"$10,000.00 ",8,"$80,000.00 ","$70,000.00 ",Entertainment;Music & Video,Entertainment
STARZ,3.9,97156,$0.00 ,$0.00 ,$0.00 ,"$10,000.00 ",8,"$80,000.00 ","$70,000.00 ",Entertainment,Entertainment
"Univision Deportes: Liga MX, MLS, Fútbol En Vivo",3.9,92249,$0.00 ,$0.00 ,$0.00 ,"$10,000.00 ",8,"$80,000.00 ","$70,000.00 ",Sports,Sports
Premier League - Official App,3.9,64472,$0.00 ,$0.00 ,$0.00 ,"$10,000.00 ",8,"$80,000.00 ","$70,000.00 ",Sports,Sports
PBS KIDS Video,3.9,44864,$0.00 ,$0.00 ,$0.00 ,"$10,000.00 ",8,"$80,000.00 ","$70,000.00 ",Education;Music & Video,Education
Chick-fil-A,3.9,33648,$0.00 ,$0.00 ,$0.00 ,"$10,000.00 ",8,"$80,000.00 ","$70,000.00 ",Food & Drink,Food & Drink
Kids A-Z,3.9,29313,$0.00 ,$0.00 ,$0.00 ,"$10,000.00 ",8,"$80,000.00 ","$70,000.00 ",Education;Education,Education
Facebook,3.8,81117933,$0.00 ,$0.00 ,$0.00 ,"$10,000.00 ",8,"$80,000.00 ","$70,000.00 ",Social,Social Networking
Tinder,3.8,2932815,$0.00 ,$0.00 ,$0.00 ,"$10,000.00 ",8,"$80,000.00 ","$70,000.00 ",Lifestyle,Lifestyle
YouNow: Live Stream Video Chat,3.8,321951,$0.00 ,$0.00 ,$0.00 ,"$10,000.00 ",8,"$80,000.00 ","$70,000.00 ",Social,Social Networking
DIRECTV,3.8,316492,$0.00 ,$0.00 ,$0.00 ,"$10,000.00 ",8,"$80,000.00 ","$70,000.00 ",Entertainment,Entertainment
Timehop,3.8,211120,$0.00 ,$0.00 ,$0.00 ,"$10,000.00 ",8,"$80,000.00 ","$70,000.00 ",Social,Social Networking
Edmodo,3.8,207333,$0.00 ,$0.00 ,$0.00 ,"$10,000.00 ",8,"$80,000.00 ","$70,000.00 ",Education,Education
Citi Mobile®,3.8,127128,$0.00 ,$0.00 ,$0.00 ,"$10,000.00 ",8,"$80,000.00 ","$70,000.00 ",Finance,Finance
DB Navigator,3.8,120197,$0.00 ,$0.00 ,$0.00 ,"$10,000.00 ",8,"$80,000.00 ","$70,000.00 ",Maps & Navigation,Travel
USA TODAY,3.8,110983,$0.00 ,$0.00 ,$0.00 ,"$10,000.00 ",8,"$80,000.00 ","$70,000.00 ",News & Magazines,News
NBC News,3.8,95901,$0.00 ,$0.00 ,$0.00 ,"$10,000.00 ",8,"$80,000.00 ","$70,000.00 ",News & Magazines,News
NHL,3.8,84489,$0.00 ,$0.00 ,$0.00 ,"$10,000.00 ",8,"$80,000.00 ","$70,000.00 ",Sports,Sports
Geocaching®,3.8,75427,$0.00 ,$0.00 ,$0.00 ,"$10,000.00 ",8,"$80,000.00 ","$70,000.00 ",Health & Fitness,Navigation
Whataburger,3.8,5290,$0.00 ,$0.00 ,$0.00 ,"$10,000.00 ",8,"$80,000.00 ","$70,000.00 ",Food & Drink,Food & Drink
Uber Driver,3.7,1258019,$0.00 ,$0.00 ,$0.00 ,"$10,000.00 ",8,"$80,000.00 ","$70,000.00 ",Business,Business
Mobile Strike,3.7,928327,$0.00 ,$0.00 ,$0.00 ,"$10,000.00 ",8,"$80,000.00 ","$70,000.00 ",Strategy,Games
Wells Fargo Mobile,3.7,293777,$0.00 ,$0.00 ,$0.00 ,"$10,000.00 ",8,"$80,000.00 ","$70,000.00 ",Finance,Finance
Pokémon GO,3.6,10680732,$0.00 ,$0.00 ,$0.00 ,"$10,000.00 ",8,"$80,000.00 ","$70,000.00 ",Adventure,Games
Uber,3.6,4974609,$0.00 ,$0.00 ,$0.00 ,"$10,000.00 ",8,"$80,000.00 ","$70,000.00 ",Maps & Navigation,Travel
PAC-MAN,3.6,1194524,$0.00 ,$0.00 ,$0.00 ,"$10,000.00 ",8,"$80,000.00 ","$70,000.00 ",Arcade,Games
Messenger,3.6,419491,$0.00 ,$0.00 ,$0.00 ,"$10,000.00 ",8,"$80,000.00 ","$70,000.00 ",Social,Social Networking
Redbox,3.6,175269,$0.00 ,$0.00 ,$0.00 ,"$10,000.00 ",8,"$80,000.00 ","$70,000.00 ",Entertainment,Entertainment
Epson iPrint,3.6,111007,$0.00 ,$0.00 ,$0.00 ,"$10,000.00 ",8,"$80,000.00 ","$70,000.00 ",Tools,Photo & Video
Thomas & Friends: Race On!,3.6,29408,$0.00 ,$0.00 ,$0.00 ,"$10,000.00 ",8,"$80,000.00 ","$70,000.00 ",Casual;Action & Adventure,Games
Mad Libs,3.5,126015,$0.00 ,$0.00 ,$0.00 ,"$10,000.00 ",8,"$80,000.00 ","$70,000.00 ",Entertainment;Brain Games,Entertainment
Southwest Airlines,3.5,55333,$0.00 ,$0.00 ,$0.00 ,"$10,000.00 ",8,"$80,000.00 ","$70,000.00 ",Travel & Local,Travel
Sky News,3.5,30405,$0.00 ,$0.00 ,$0.00 ,"$10,000.00 ",8,"$80,000.00 ","$70,000.00 ",News & Magazines,News
Toca Life: City,4.6,34664,$3.99 ,$3.99 ,$2.99 ,"$39,900.00 ",10,"$100,000.00 ","$60,100.00 ",Education;Pretend Play,Education
Dr. Panda & Toto's Treehouse,4.5,3851,$3.99 ,$3.99 ,$3.99 ,"$39,900.00 ",10,"$100,000.00 ","$60,100.00 ",Casual;Pretend Play,Entertainment
DRAGON QUEST,4.4,10078,$2.99 ,$2.99 ,$2.99 ,"$29,900.00 ",9,"$90,000.00 ","$60,100.00 ",Role Playing,Games
Out There Chronicles - Ep. 1,4.2,1603,$2.99 ,$2.99 ,$1.99 ,"$29,900.00 ",9,"$90,000.00 ","$60,100.00 ",Role Playing,Games
Dr. Panda Hospital,4.2,1463,$2.99 ,$2.99 ,$2.99 ,"$29,900.00 ",9,"$90,000.00 ","$60,100.00 ",Education;Pretend Play,Education
Dr. Panda Supermarket,4.1,1699,$2.99 ,$2.99 ,$2.99 ,"$29,900.00 ",9,"$90,000.00 ","$60,100.00 ",Educational;Pretend Play,Education
Dr. Panda Farm,4.1,293,$2.99 ,$2.99 ,$2.99 ,"$29,900.00 ",9,"$90,000.00 ","$60,100.00 ",Education;Pretend Play,Education
Storm Shield,4,4516,$2.99 ,$0.00 ,$2.99 ,"$29,900.00 ",9,"$90,000.00 ","$60,100.00 ",Weather,Weather
Google Play Movies & TV,3.4,907579,$0.00 ,$0.00 ,$0.00 ,"$10,000.00 ",7,"$70,000.00 ","$60,000.00 ",Video Players & Editors,Entertainment
myAT&T,3.4,189339,$0.00 ,$0.00 ,$0.00 ,"$10,000.00 ",7,"$70,000.00 ","$60,000.00 ",Productivity,Utilities
H&M,3.4,42616,$0.00 ,$0.00 ,$0.00 ,"$10,000.00 ",7,"$70,000.00 ","$60,000.00 ",Lifestyle,Shopping
Fly Delta,3.4,35654,$0.00 ,$0.00 ,$0.00 ,"$10,000.00 ",7,"$70,000.00 ","$60,000.00 ",Travel & Local,Travel
BET NOW - Watch Shows,3.4,15774,$0.00 ,$0.00 ,$0.00 ,"$10,000.00 ",7,"$70,000.00 ","$60,000.00 ",Entertainment,Entertainment
SHOWTIME,3.4,13612,$0.00 ,$0.00 ,$0.00 ,"$10,000.00 ",7,"$70,000.00 ","$60,000.00 ",Entertainment,Entertainment
Snapchat,3.3,17335158,$0.00 ,$0.00 ,$0.00 ,"$10,000.00 ",7,"$70,000.00 ","$60,000.00 ",Social,Photo & Video
NFL,3.3,487113,$0.00 ,$0.00 ,$0.00 ,"$10,000.00 ",7,"$70,000.00 ","$60,000.00 ",Sports,Sports
Battlefield™ Companion,3.3,264596,$0.00 ,$0.00 ,$0.00 ,"$10,000.00 ",7,"$70,000.00 ","$60,000.00 ",Action,Social Networking
T-Mobile Tuesdays,3.3,56357,$0.00 ,$0.00 ,$0.00 ,"$10,000.00 ",7,"$70,000.00 ","$60,000.00 ",Lifestyle,Lifestyle
MTV,3.2,41266,$0.00 ,$0.00 ,$0.00 ,"$10,000.00 ",7,"$70,000.00 ","$60,000.00 ",Entertainment,Entertainment
U by BB&T,3.2,17390,$0.00 ,$0.00 ,$0.00 ,"$10,000.00 ",7,"$70,000.00 ","$60,000.00 ",Finance,Finance
Super Mario Run,3.1,1309854,$0.00 ,$0.00 ,$0.00 ,"$10,000.00 ",7,"$70,000.00 ","$60,000.00 ",Action,Games
United Airlines,3,36195,$0.00 ,$0.00 ,$0.00 ,"$10,000.00 ",7,"$70,000.00 ","$60,000.00 ",Travel & Local,Travel
NCAA Sports,3,4908,$0.00 ,$0.00 ,$0.00 ,"$10,000.00 ",7,"$70,000.00 ","$60,000.00 ",Sports,Sports
Alto's Adventure,4.6,523273,$4.99 ,$0.00 ,$4.99 ,"$49,900.00 ",10,"$100,000.00 ","$50,100.00 ",Action,Games
Hitman GO,4.6,92787,$4.99 ,$0.99 ,$4.99 ,"$49,900.00 ",10,"$100,000.00 ","$50,100.00 ",Puzzle,Games
My Talking Pet,4.6,15273,$4.99 ,$4.99 ,$1.99 ,"$49,900.00 ",10,"$100,000.00 ","$50,100.00 ",Entertainment,Entertainment
Battleheart Legacy,4.6,10796,$4.99 ,$4.99 ,$4.99 ,"$49,900.00 ",10,"$100,000.00 ","$50,100.00 ",Role Playing,Games
Retro City Rampage DX,4.6,484,$4.99 ,$2.99 ,$4.99 ,"$49,900.00 ",10,"$100,000.00 ","$50,100.00 ",Action,Games
F-Sim Space Shuttle,4.5,11830,$4.99 ,$4.99 ,$4.99 ,"$49,900.00 ",10,"$100,000.00 ","$50,100.00 ",Simulation,Games
Toca Builders,4.4,8430,$3.99 ,$3.99 ,$2.99 ,"$39,900.00 ",9,"$90,000.00 ","$50,100.00 ",Education;Creativity,Education
Sago Mini Babies,4.3,323,$3.99 ,$3.99 ,$2.99 ,"$39,900.00 ",9,"$90,000.00 ","$50,100.00 ",Education;Pretend Play,Education
My College Bookstore,2.9,886,$0.00 ,$0.00 ,$0.00 ,"$10,000.00 ",6,"$60,000.00 ","$50,000.00 ",Shopping,Shopping
McDonald's,2.8,149535,$0.00 ,$0.00 ,$0.00 ,"$10,000.00 ",6,"$60,000.00 ","$50,000.00 ",Food & Drink,Food & Drink
NBC Sports,2.8,125614,$0.00 ,$0.00 ,$0.00 ,"$10,000.00 ",6,"$60,000.00 ","$50,000.00 ",Sports,Sports
AirWatch Agent,2.8,22123,$0.00 ,$0.00 ,$0.00 ,"$10,000.00 ",6,"$60,000.00 ","$50,000.00 ",Business,Business
myChevrolet,2.8,7830,$0.00 ,$0.00 ,$0.00 ,"$10,000.00 ",6,"$60,000.00 ","$50,000.00 ",Lifestyle,Lifestyle
AMC,2.6,23948,$0.00 ,$0.00 ,$0.00 ,"$10,000.00 ",6,"$60,000.00 ","$50,000.00 ",Entertainment,Entertainment
SNCF,2.5,15757,$0.00 ,$0.00 ,$0.00 ,"$10,000.00 ",6,"$60,000.00 ","$50,000.00 ",Travel & Local,Travel
Farming Simulator 16,4.4,35449,$4.99 ,$2.99 ,$4.99 ,"$49,900.00 ",9,"$90,000.00 ","$40,100.00 ",Simulation;Education,Games
Paprika Recipe Manager,4.3,3023,$4.99 ,$4.99 ,$4.99 ,"$49,900.00 ",9,"$90,000.00 ","$40,100.00 ",Food & Drink,Food & Drink
NBA JAM by EA SPORTS™,4.2,78092,$4.99 ,$4.99 ,$4.99 ,"$49,900.00 ",9,"$90,000.00 ","$40,100.00 ",Sports;Action & Adventure,Games
Don't Starve: Pocket Edition,4.2,21730,$4.99 ,$4.99 ,$4.99 ,"$49,900.00 ",9,"$90,000.00 ","$40,100.00 ",Adventure,Games
"Please, Don't Touch Anything",4.2,2150,$4.99 ,$4.99 ,$4.99 ,"$49,900.00 ",9,"$90,000.00 ","$40,100.00 ",Puzzle,Games
LEGO® Friends,4.2,1254,$4.99 ,$4.99 ,$4.99 ,"$49,900.00 ",9,"$90,000.00 ","$40,100.00 ",Casual;Pretend Play,Games
LEGO Batman: DC Super Heroes,4.1,10274,$4.99 ,$4.99 ,$4.99 ,"$49,900.00 ",9,"$90,000.00 ","$40,100.00 ",Adventure;Action & Adventure,Games
Puffin Browser Pro,3.8,25812,$3.99 ,$3.99 ,$3.99 ,"$39,900.00 ",8,"$80,000.00 ","$40,100.00 ",Communication,Utilities
Philips Hue,2.3,12005,$0.00 ,$0.00 ,$0.00 ,"$10,000.00 ",5,"$50,000.00 ","$40,000.00 ",Lifestyle,Lifestyle
The EO Bar,4.9,663,$6.99 ,$6.99 ,$6.99 ,"$69,900.00 ",10,"$100,000.00 ","$30,100.00 ",Health & Fitness,Health & Fitness
RollerCoaster Tycoon® Classic,4.3,12589,$5.99 ,$5.99 ,$5.99 ,"$59,900.00 ",9,"$90,000.00 ","$30,100.00 ",Simulation,Games
Assassin's Creed Identity,3.9,46046,$4.99 ,$1.99 ,$4.99 ,"$49,900.00 ",8,"$80,000.00 ","$30,100.00 ",Action,Games
I am Bread,3.8,2024,$4.99 ,$4.99 ,$4.99 ,"$49,900.00 ",8,"$80,000.00 ","$30,100.00 ",Adventure,Games
Don't Starve: Shipwrecked,3.8,1963,$4.99 ,$4.99 ,$4.99 ,"$49,900.00 ",8,"$80,000.00 ","$30,100.00 ",Adventure,Games
Peppa Pig: Party Time,2.9,61,$2.99 ,$2.99 ,$0.99 ,"$29,900.00 ",6,"$60,000.00 ","$30,100.00 ",Educational;Pretend Play,Education
My Movies Pro - Movie & TV Collection Library,4.6,7786,$7.99 ,$7.99 ,$7.99 ,"$79,900.00 ",10,"$100,000.00 ","$20,100.00 ",Lifestyle,Catalogs
Grand Theft Auto: San Andreas,4.2,381495,$6.99 ,$6.99 ,$6.99 ,"$69,900.00 ",9,"$90,000.00 ","$20,100.00 ",Action,Games
Baldur's Gate: Enhanced Edition,4.3,21555,$9.99 ,$9.99 ,$9.99 ,"$99,900.00 ",9,"$90,000.00 ","($9,900.00)",Role Playing,Games
XCOM®: Enemy Within,4.1,16607,$9.99 ,$9.99 ,$9.99 ,"$99,900.00 ",9,"$90,000.00 ","($9,900.00)",Strategy,Games
FINAL FANTASY V,4.5,17732,$14.99 ,$7.99 ,$14.99 ,"$149,900.00 ",10,"$100,000.00 ","($49,900.00)",Role Playing,Games
AnatomyMapp,3.8,103,$14.99 ,$14.99 ,$9.99 ,"$149,900.00 ",8,"$80,000.00 ","($69,900.00)",Medical,Medical
"Muscle Premium - Human Anatomy, Kinesiology, Bones",4.4,574,$24.99 ,$24.99 ,$19.99 ,"$249,900.00 ",9,"$90,000.00 ","($159,900.00)",Medical,Medical
